Patriots,Vikings,Vikings,Vikings,Patriots,Cowboys,Vikings,Vikings,Vikings,Vikings,Patriots,Patriots,Patriots,Patriots,Vikings,Vikings,Vikings,Patriots,Patriots,Vikings,Patriots,Vikings,Patriots,Patriots ,Patriots ,Vikings,Seahawks,Vikings,Patriots,Vikings
Vikings,Patriots,Patriots,Patriots,Vikings,Patriots,Patriots,Patriots,Patriots,Patriots,Vikings,Vikings,Vikings,Vikings,Patriots,Patriots,Patriots,Vikings,Vikings,Patriots,Vikings,Patriots,Vikings,Vikings ,Vikings ,Patriots,Falcons,Patriots,Vikings,Patriots
Falcons,Seahawks,Seahawks,Seahawks,Cowboys,Vikings,Cowboys,Seahawks,Cowboys,Falcons,Broncos,Cowboys,Cowboys,Seahawks,Falcons,Seahawks,Broncos,Cowboys,Seahawks,Seahawks,Seahawks,Cowboys,Seahawks,Falcons ,Seahawks ,Seahawks,Patriots,Falcons,Seahawks,Cowboys
Seahawks,Falcons,Cowboys,Cowboys,Seahawks,Falcons,Seahawks,Falcons,Seahawks,Seahawks,Seahawks,Seahawks,Falcons,Falcons,Cowboys,Cowboys,Steelers,Seahawks,Broncos,Cowboys,Cowboys,Seahawks,Falcons,Cowboys ,Cowboys ,Cowboys,Cowboys,Seahawks,Cowboys,Broncos
Cowboys,Cowboys,Broncos,Falcons,Falcons,Broncos,Eagles,Cowboys,Broncos,Cowboys,Cowboys,Falcons,Seahawks,Cowboys,Seahawks,Steelers,Cowboys,Broncos,Steelers,Falcons,Falcons,Broncos,Cowboys,Seahawks ,Broncos ,Falcons,Vikings,Cowboys,Falcons,Seahawks
Broncos,Bills,Steelers,Broncos,Chiefs,Steelers,Steelers,Steelers,Falcons,Broncos,Cardinals,Broncos,Broncos,Eagles,Broncos,Falcons,Seahawks,Falcons,Eagles,Broncos,Broncos,Steelers,Broncos,Bills,Falcons ,Broncos,Broncos,Broncos,Steelers,Falcons
Steelers,Broncos,Packers,Bills,Bills,Bills,Broncos,Broncos,Steelers,Steelers,Falcons,Steelers,Steelers,Bills,Bills,Broncos,Falcons,Bills,Falcons,Redskins,Bills,Falcons,Steelers,Broncos ,Eagles ,Eagles,Bills,Steelers,Broncos,Steelers
Bills,Packers,Eagles,Cardinals,Cardinals,Redskins,Texans,Chiefs,Bills,Bills,Redskins,Bills,Bills,Steelers,Eagles,Bills,Eagles,Raiders,Cowboys,Bills,Steelers,Chiefs,Eagles,Steelers,Cardinals ,Steelers,Steelers,Bills,Packers,Eagles
Chiefs,Redskins,Falcons,Packers,Redskins,Eagles,Packers,Bills,Eagles,Eagles,Eagles,Packers,Raiders,Bengals,Steelers,Packers,Packers,Texans,Packers,Eagles,Chiefs,Bills,Cardinals,Redskins,Packers ,Packers,Raiders,Eagles,Eagles,Bills
Eagles,Eagles,Raiders,Steelers,Steelers,Packers,Raiders,Raiders,Packers,Chiefs,Steelers,Eagles,Eagles,Packers,Redskins,Raiders,Bills,Redskins,Raiders,Steelers,Raiders,Packers,Chiefs,Packers ,Steelers,Texans,Redskins,Packers,Raiders,Raiders
Redskins,Cardinals,Bills,Redskins,Eagles,Raiders,Giants,Rams,Chiefs,Raiders,Packers,Raiders,Chiefs,Broncos,Raiders,Eagles,Redskins,Eagles,Cardinals,Raiders,Packers,Cardinals,Redskins,Raiders ,Chiefs ,Chiefs,Cardinals,Cardinals,Cardinals,Bengals
Raiders,Texans,Giants,Eagles,Texans,Texans,Bills,Cardinals,Redskins,Packers,Bills,Redskins,Packers,Cardinals,Rams,Bengals,Raiders,Chiefs,Bengals,Packers,Cardinals,Eagles,Bills,Texans,Raiders ,Bills,Packers,Chiefs,Chiefs,Packers
Texans,Raiders,Bengals,Chiefs,Raiders,Seahawks,Redskins,Redskins,Raiders,Redskins,Raiders,Texans,Bengals,Chiefs,Packers,Texans,Cardinals,Packers,Chiefs,Cardinals,Redskins,Raiders,Packers,Lions,Bills,Cardinals,Eagles,Raiders,Bengals,Chiefs
Cardinals,Giants,Cardinals,Raiders,Broncos,Chiefs,Ravens,Eagles,Cardinals,Texans,Bengals,Cardinals,Texans,Raiders,Texans,Redskins,Bengals,Cardinals,Texans,Chiefs,Texans,Redskins,Raiders,Chiefs ,Bengals,Redskins,Chiefs,Texans,Ravens,Texans
Packers,Steelers,Texans,Texans,Packers,Cardinals,Falcons,Packers,Texans,Cardinals,Chiefs,Bengals,Redskins,Texans,Chiefs,Chiefs,Ravens,Giants,Bills,Texans,Giants,Texans,Lions,Eagles ,Redskins,Bengals,Rams,Redskins,Giants,Redskins
Bengals,Ravens,Redskins,Ravens,Lions,Giants,Chiefs,Giants,Giants,Lions,Giants,Lions,Lions,Lions,Giants,Giants,Texans,Lions,Giants,Giants,Eagles,Bengals,Giants,Cardinals ,Texans,Raiders,Texans,Bengals,Bills,Cardinals
Giants,Chiefs,Chiefs,Bengals,Giants,Lions,Cardinals,Ravens,Bengals,Giants,Lions,Rams,Rams,Redskins,Lions,Cardinals,Giants,Rams,Redskins,Lions,Rams,Lions,Bengals,Giants ,Lions,Giants,Ravens,Giants,Texans,Ravens
Lions,Bengals,Panthers,Lions,Ravens,Rams,Bengals,Texans,Lions,Bengals,Texans,Chiefs,Giants,Rams,Cardinals,Lions,Chiefs,Ravens,Ravens,Bengals,Ravens,Giants,Chargers,Rams ,Giants ,Chargers,Saints,Lions,Redskins,Giants
Ravens,Buccaneers,Ravens,Giants,Titans,Ravens,Rams,Titans,Rams,Ravens,Ravens,Giants,Chargers,Giants,Chargers,Ravens,Lions,Steelers,Colts,Rams,Chargers,Rams,Saints,Ravens ,Rams ,Ravens,Chargers,Ravens,Lions,Rams
Buccaneers,Jaguars,Lions,Saints,Bengals,Chargers,Saints,Bengals,Ravens,Rams,Rams,Ravens,Buccaneers,Ravens,Ravens,Saints,Rams,Saints,Lions,Ravens,Titans,Buccaneers,Ravens,Titans ,Colts,Lions,Lions,Rams,Rams,Lions
Chargers,Chargers,Rams,Rams,Rams,Buccaneers,Jaguars,Saints,Buccaneers,Titans,Jaguars,Buccaneers,Cardinals,Chargers,Bengals,Buccaneers,Buccaneers,Buccaneers,Rams,Chargers,Lions,Ravens,Texans,Bengals,Ravens ,Rams,Titans,Saints,Buccaneers,Colts
Rams,Lions,Jaguars,Chargers,Buccaneers,Titans,Lions,Lions,Chargers,Buccaneers,Chargers,Panthers,Jaguars,Buccaneers,Titans,Titans,Colts,Bengals,Chargers,Buccaneers,Buccaneers,Colts,Panthers,Colts,Buccaneers,Buccaneers,Dolphins,Buccaneers,Saints,Chargers
Saints,Rams,Saints,Titans,Dolphins,Bengals,Chargers,Buccaneers,Saints,Saints,Saints,Titans,Ravens,Colts,Colts,Dolphins,Saints,Colts,Saints,Dolphins,Jaguars,Saints,Rams,Saints ,Titans ,Saints,Giants,Chargers,Panthers,Buccaneers
Titans,Dolphins,Buccaneers,Buccaneers,Chargers,Saints,Buccaneers,Panthers,Titans,Jaguars,Panthers,Saints,Saints,Jets,Buccaneers,Panthers,Panthers,Chargers,Panthers,Saints,Saints,Jaguars,Titans,Jaguars ,Jaguars ,Colts,Bengals,Panthers,Jets,Panthers
Colts,Saints,Jets,Dolphins,Jaguars,Colts,Titans,Jaguars,Colts,Panthers,Dolphins,Dolphins,Panthers,Titans,Dolphins,Chargers,Jaguars,Dolphins,Titans,Colts,Bengals,Titans,Colts,Buccaneers,Saints ,Panthers,Buccaneers,Titans,Colts,Saints
Jaguars,Titans,Colts,Colts,Colts,Dolphins,Colts,Colts,Panthers,Chargers,Titans,Chargers,Titans,Dolphins,Saints,Rams,Chargers,Titans,Jets,Panthers,Panthers,Chargers,Buccaneers,Chargers,Dolphins ,Titans,Colts,Colts,Chargers,Titans
Panthers,Panthers,Chargers,Jaguars,Saints,Jaguars,Dolphins,Chargers,Dolphins,Dolphins,Buccaneers,Colts,Colts,Saints,Panthers,Colts,Titans,Panthers,Jaguars,Titans,Colts,Dolphins,Dolphins,Dolphins ,Chargers,Dolphins,Panthers,Jaguars,Titans,Jaguars
Dolphins,Colts,Dolphins,Panthers,Panthers,Panthers,Panthers,Dolphins,Jaguars,Colts,Jets,Jets,Dolphins,Panthers,Jets,Jets,Dolphins,Jaguars,Buccaneers,Jaguars,Dolphins,Panthers,Jaguars,Jets,Jets,Jets,Jaguars,Dolphins,Jaguars,Dolphins
Jets,Jets,49ers,Jets,49ers,49ers,Jets,Jets,Jets,Jets,Bears,Jaguars,Jets,Jaguars,Jaguars,49ers,Jets,Jets,Dolphins,Bears,Jets,Jets,Jets,Bears,Panthers ,Jaguars,Bears,Jets,Bears,Bears
Bears,Bears,Titans,Bears,Bears,Bears,Bears,Bears,Bears,49ers,49ers,Bears,49ers,49ers,49ers,Jaguars,Bears,49ers,Bears,Jets,Bears,49ers,Browns,Panthers ,49ers,Bears,49ers,Browns,49ers,Jets
Browns,49ers,Bears,49ers,Jets,Jets,49ers,49ers,49ers,Bears,Colts,49ers,Bears,Bears,Bears,Bears,49ers,Bears,49ers,Browns,49ers,Bears,Bears,49ers,Bears,49ers,Browns,49ers,Dolphins,49ers
49ers,Browns,Browns,Browns,Browns,Browns,Browns,Browns,Browns,Browns,Browns,Browns,Browns,Browns,Browns,Browns,Browns,Browns,Browns,49ers,Browns,Browns,49ers,Browns ,Browns ,Browns,Jets,Bears,Browns,Browns
