11/7/16,Atlanta Martinsek,Boston FeversMirrors,Brooklyn BasedGodProdigy,Charlotte jaynay1,Chicago poorchris,Cleveland vargolol,Dallas rps215,Denver bigred27,Detroit Scurvy-Jones,Golden State swollencornholio,Houston WilburWright,Indiana imkunu,LA IHUFFWETFARTS,LA lakerswiz,Memphis AggregateFundingRisk,Miami beefat99,Milwaukee PigeonBoyz,Minnesota flyingscissor,New Orleans BigEarl139,New York earl_smith_thethird,Oklahoma City anarchistry,Orlando albinorhino21,Philadelphia ank1613,Phoenix scooper1030,Portland DrTom,Sacramento chubbupp,San Antonio BabyS1othWithA1,Toronto Son_of_Biyombo,Utah chrimewave,Washington _masterofdisaster,,,Median,Average,Standard Deviation,,,,,,,,,,,
1,LA Clippers,LA Clippers,LA Clippers,LA Clippers,--,LA Clippers,Cleveland,Cleveland,Cleveland,Cleveland,LA Clippers,Cleveland,LA Clippers,--,Golden State,Atlanta,LA Clippers,Golden State,LA Clippers,LA Clippers,LA Clippers,Golden State,Golden State,LA Clippers,Golden State,--,--,LA Clippers,Cleveland,Golden State,,Atlanta,5,5.44,1.65,,,,,,[](/ATL) /u/Martinsek,3.31,[](/DET) /u/Scurvy-Jones,|,1.44,1.44
2,Cleveland,Cleveland,Cleveland,Cleveland,--,Cleveland,Golden State,Golden State,Golden State,LA Clippers,Cleveland,LA Clippers,Cleveland,--,LA Clippers,Boston,Golden State,LA Clippers,Cleveland,Cleveland,Cleveland,Cleveland,LA Clippers,Cleveland,LA Clippers,--,--,Cleveland,LA Clippers,Cleveland,,Boston,12,11.88,2.7,,,,,,[](/BOS) /u/FeversMirrors,3.62,[](/ORL) /u/albinorhino21,|,1.73,1.73
3,Golden State,Golden State,Golden State,Golden State,--,Golden State,LA Clippers,LA Clippers,LA Clippers,Golden State,Golden State,Golden State,Golden State,--,San Antonio,Brooklyn,Cleveland,Cleveland,Golden State,Golden State,Golden State,LA Clippers,Cleveland,Golden State,Cleveland,--,--,Golden State,Golden State,LA Clippers,,Brooklyn,26,25.24,4.76,,,,,,[](/BKN) /u/BasedGodProdigy,2.14,[](/TOR) /u/Son_of_Biyombo,|,1.95,1.95
4,San Antonio,San Antonio,San Antonio,San Antonio,--,San Antonio,San Antonio,Atlanta,Atlanta,San Antonio,San Antonio,San Antonio,Toronto,--,Cleveland,Charlotte,San Antonio,Atlanta,San Antonio,San Antonio,San Antonio,San Antonio,Atlanta,San Antonio,San Antonio,--,--,San Antonio,San Antonio,San Antonio,,Charlotte,7,7.32,1.64,,,,,,[](/CHA) /u/jaynay1,2.88,[](/PHX) /u/scooper1030,|,2,2
5,Charlotte,Houston,Toronto,Atlanta,--,Atlanta,Toronto,San Antonio,San Antonio,Atlanta,Toronto,Toronto,San Antonio,--,Charlotte,Chicago,Atlanta,San Antonio,Atlanta,Atlanta,Atlanta,Toronto,San Antonio,Houston,Atlanta,--,--,Toronto,Atlanta,Atlanta,,Chicago,8,8.92,3.62,,,,,,[](/CHI) /u/poorchris,3.7,[](/BKN) /u/BasedGodProdigy,|,2.14,2.14
6,Atlanta,Toronto,Atlanta,Charlotte,--,Toronto,Atlanta,Toronto,Charlotte,Toronto,Atlanta,Atlanta,Atlanta,--,Atlanta,Cleveland,Charlotte,Memphis,Chicago,Toronto,Toronto,Atlanta,Chicago,Chicago,Chicago,--,--,Atlanta,Charlotte,Charlotte,,Cleveland,2,2.16,1.08,,,,,,[](/CLE) /u/vargolol,7.29,[](/OKC) /u/anarchistry,|,2.14,2.14
7,Toronto,Chicago,Charlotte,Toronto,--,Chicago,Portland,Oklahoma City,Toronto,Houston,Charlotte,Charlotte,Memphis,--,Toronto,Dallas,Memphis,Charlotte,Charlotte,Houston,Charlotte,Oklahoma City,Toronto,Toronto,Charlotte,--,--,Charlotte,Chicago,Chicago,,Dallas,30,28.36,4.57,,,,,,[](/DAL) /u/rps215,4.23,[](/HOU) /u/WilburWright,|,2.23,2.23
8,Chicago,Memphis,Chicago,Chicago,--,Charlotte,Charlotte,Charlotte,Houston,Charlotte,Houston,Houston,Houston,--,Memphis,Denver,Chicago,Houston,Toronto,Chicago,Houston,Charlotte,Oklahoma City,Memphis,Toronto,--,--,Houston,Toronto,Houston,,Denver,21,19.76,3.01,,,,,,[](/DEN) /u/bigred27,3.11,[](/GSW) /u/swollencornholio,|,2.31,2.31
9,Memphis,Atlanta,Houston,Oklahoma City,--,Memphis,Houston,Portland,Memphis,Chicago,Chicago,Chicago,Chicago,--,Oklahoma City,Detroit,Toronto,Oklahoma City,Houston,Charlotte,Oklahoma City,Houston,Charlotte,Oklahoma City,Houston,--,--,Chicago,Houston,Toronto,,Detroit,18,17.12,2.73,,,,,,[](/DET) /u/Scurvy-Jones,1.44,[](/PHI) /u/ank1613,|,2.45,2.45
10,Houston,Charlotte,Memphis,Boston,--,Oklahoma City,Indiana,Chicago,Portland,Utah,Boston,Oklahoma City,Charlotte,--,Chicago,Golden State,Houston,Chicago,Memphis,Oklahoma City,Chicago,Chicago,Houston,Atlanta,Memphis,--,--,Oklahoma City,Memphis,Memphis,,Golden State,3,2.72,1.72,,,,,,[](/GSW) /u/swollencornholio,2.31,[](/POR) /u/DrTom,|,2.61,2.61
11,Boston,Boston,Oklahoma City,Memphis,--,Houston,Oklahoma City,Memphis,Boston,Memphis,Memphis,Memphis,Oklahoma City,--,Boston,Houston,Oklahoma City,Toronto,Boston,Boston,Memphis,Memphis,Memphis,Charlotte,Boston,--,--,Memphis,Oklahoma City,Oklahoma City,,Houston,9,8.88,1.85,,,,,,[](/HOU) /u/WilburWright,2.23,[](/NYK) /u/earl_smith_thethird,|,2.66,2.66
12,Oklahoma City,Utah,Indiana,Houston,--,Indiana,Utah,Houston,Oklahoma City,Boston,Oklahoma City,Boston,LA Lakers,--,Houston,Indiana,Boston,Boston,Portland,Utah,Boston,Portland,Boston,Boston,Portland,--,--,Boston,Portland,Boston,,Indiana,14,14.24,1.79,,,,,,[](/IND) /u/imkunu,3.52,[](/CHA) /u/jaynay1,|,2.88,2.88
13,Portland,Oklahoma City,Portland,Utah,--,Boston,Boston,Indiana,Detroit,Oklahoma City,Utah,Indiana,Portland,--,LA Lakers,LA Clippers,Portland,Portland,Oklahoma City,Memphis,LA Lakers,Boston,LA Lakers,Portland,Indiana,--,--,Portland,LA Lakers,Indiana,,LA Clippers,1,2.08,2.36,,,,,,[](/LAC) /u/IHUFFWETFARTS,3.75,[](/MIN) /u/flyingscissor,|,2.94,2.94
14,Indiana,Minnesota,Boston,Indiana,--,Portland,Chicago,LA Lakers,LA Lakers,Indiana,Indiana,Portland,Utah,--,Portland,LA Lakers,Indiana,Utah,Indiana,Detroit,Indiana,LA Lakers,Portland,Utah,LA Lakers,--,--,Indiana,Utah,Portland,,LA Lakers,15,14.6,1.16,,,,,,[](/LAL) /u/lakerswiz,3.69,[](/NOP) /u/BigEarl139,|,3.09,3.09
15,Utah,LA Lakers,LA Lakers,Detroit,--,LA Lakers,Detroit,Detroit,Indiana,Portland,LA Lakers,Orlando,Indiana,--,Indiana,Memphis,LA Lakers,LA Lakers,Washington,LA Lakers,Utah,Indiana,Utah,LA Lakers,Oklahoma City,--,--,LA Lakers,Boston,Utah,,Memphis,10,10.2,2.37,,,,,,[](/MEM) /u/AggregateFundingRisk,5.33,[](/DEN) /u/bigred27,|,3.11,3.11
16,LA Lakers,Portland,New York,LA Lakers,--,Utah,LA Lakers,Denver,Denver,LA Lakers,Portland,LA Lakers,New York,--,Utah,Miami,Utah,Indiana,LA Lakers,Indiana,Portland,Detroit,Detroit,Indiana,Utah,--,--,Utah,Minnesota,LA Lakers,,Miami,23,22.96,2.59,,,,,,[](/MIA) /u/beefat99,5.28,[](/MIL) /u/PigeonBoyz,|,3.26,3.26
17,New York,Detroit,Utah,Portland,--,New York,Memphis,Utah,Utah,Minnesota,Detroit,Utah,Boston,--,Orlando,Milwaukee,Detroit,New York,New York,Miami,Milwaukee,Utah,Indiana,Milwaukee,New York,--,--,New York,Indiana,Detroit,,Milwaukee,20,20.48,2.25,,,,,,[](/MIL) /u/PigeonBoyz,3.26,[](/ATL) /u/Martinsek,|,3.31,3.31
18,Detroit,Indiana,Detroit,Milwaukee,--,Orlando,Denver,Boston,New York,Detroit,New York,Detroit,Minnesota,--,Detroit,Minnesota,New York,Denver,Detroit,Portland,Detroit,Orlando,Milwaukee,Minnesota,Washington,--,--,Orlando,Detroit,Milwaukee,,Minnesota,21,21.2,3.21,,,,,,[](/MIN) /u/flyingscissor,2.94,[](/IND) /u/imkunu,|,3.52,3.52
19,Orlando,Milwaukee,Denver,New York,--,Denver,New York,Orlando,Orlando,New York,Orlando,New York,Detroit,--,New York,New Orleans,Milwaukee,Sacramento,Orlando,New York,New York,New York,New York,Denver,Detroit,--,--,Detroit,Orlando,New York,,New Orleans,25,25,2.87,,,,,,[](/NOP) /u/BigEarl139,3.09,[](/BOS) /u/FeversMirrors,|,3.62,3.62
20,Milwaukee,New York,Milwaukee,Denver,--,Detroit,Orlando,New York,Miami,Denver,Milwaukee,Milwaukee,Milwaukee,--,Milwaukee,New York,Orlando,Minnesota,New Orleans,Denver,Minnesota,Milwaukee,Denver,Detroit,Orlando,--,--,Milwaukee,New York,Denver,,New York,19,18.36,1.42,,,,,,[](/NYK) /u/earl_smith_thethird,2.66,[](/LAL) /u/lakerswiz,|,3.69,3.69
21,Denver,Denver,Orlando,Orlando,--,Miami,Minnesota,Milwaukee,Minnesota,New Orleans,Denver,Minnesota,Orlando,--,Minnesota,Oklahoma City,Denver,New Orleans,Denver,Minnesota,Orlando,Denver,Minnesota,New York,New Orleans,--,--,Denver,Miami,Orlando,,Oklahoma City,11,10.92,2.8,,,,,,[](/OKC) /u/anarchistry,2.14,[](/CHI) /u/poorchris,|,3.7,3.7
22,Sacramento,Miami,Sacramento,Sacramento,--,Sacramento,Phoenix,Miami,Milwaukee,Milwaukee,Minnesota,Miami,Washington,--,Denver,Orlando,Sacramento,Orlando,Sacramento,Sacramento,Denver,Minnesota,Orlando,Orlando,Denver,--,--,Sacramento,Denver,Sacramento,,Orlando,20,20.16,2.3,,,,,,[](/ORL) /u/albinorhino21,1.73,[](/LAC) /u/IHUFFWETFARTS,|,3.75,3.75
23,Minnesota,Orlando,Miami,Miami,--,Milwaukee,Milwaukee,Sacramento,Sacramento,Miami,Sacramento,Denver,Denver,--,Miami,Philadelphia,Miami,Milwaukee,Milwaukee,Milwaukee,Sacramento,Miami,Brooklyn,Miami,Minnesota,--,--,Miami,Milwaukee,Minnesota,,Philadelphia,29,28.72,1.42,,,,,,[](/PHI) /u/ank1613,2.45,[](/DAL) /u/rps215,|,4.23,4.23
24,New Orleans,New Orleans,New Orleans,New Orleans,--,Minnesota,Sacramento,Minnesota,Chicago,Orlando,Miami,Phoenix,Dallas,--,Brooklyn,Phoenix,Minnesota,Detroit,Minnesota,Washington,Phoenix,Sacramento,Sacramento,Brooklyn,Sacramento,--,--,Minnesota,New Orleans,Miami,,Phoenix,26,26.04,1.64,,,,,,[](/PHX) /u/scooper1030,2,[](/MIA) /u/beefat99,|,5.28,5.28
25,Miami,Sacramento,Phoenix,Phoenix,--,Phoenix,Miami,New Orleans,Brooklyn,Sacramento,Brooklyn,New Orleans,Miami,--,Sacramento,Portland,Brooklyn,Miami,Miami,New Orleans,Brooklyn,Phoenix,Washington,New Orleans,Milwaukee,--,--,Phoenix,Phoenix,New Orleans,,Portland,13,13.72,3.31,,,,,,[](/POR) /u/DrTom,2.61,[](/MEM) /u/AggregateFundingRisk,|,5.33,5.33
26,Brooklyn,Brooklyn,Minnesota,Brooklyn,--,Brooklyn,Brooklyn,Washington,Phoenix,Washington,New Orleans,Sacramento,Brooklyn,--,Washington,Sacramento,Phoenix,Phoenix,Phoenix,Orlando,New Orleans,Brooklyn,New Orleans,Sacramento,Miami,--,--,Brooklyn,Sacramento,Phoenix,,Sacramento,23,23.56,1.86,,,,,,[](/SAC) /u/chubbupp,#DIV/0!,[](/CLE) /u/vargolol,|,7.29,7.29
27,Philadelphia,Washington,Brooklyn,Washington,--,New Orleans,Washington,Phoenix,Dallas,Phoenix,Washington,Washington,Sacramento,--,Phoenix,San Antonio,Washington,Brooklyn,Brooklyn,Phoenix,Miami,New Orleans,Miami,Philadelphia,Phoenix,--,--,New Orleans,Brooklyn,Brooklyn,,San Antonio,4,5.12,4.5,,,,,,[](/SAS) /u/BabyS1othWithA1,#DIV/0!,[](/SAC) /u/chubbupp,|,#DIV/0!,#DIV/0!
28,Phoenix,Philadelphia,Dallas,Minnesota,--,Washington,New Orleans,Brooklyn,Washington,Brooklyn,Phoenix,Brooklyn,Phoenix,--,New Orleans,Toronto,New Orleans,Philadelphia,Utah,Dallas,Washington,Washington,Phoenix,Phoenix,Brooklyn,--,--,Washington,Dallas,Washington,,Toronto,6,7.4,4.47,,,,,,[](/TOR) /u/Son_of_Biyombo,1.95,[](/SAS) /u/BabyS1othWithA1,|,#DIV/0!,#DIV/0!
29,Washington,Phoenix,Washington,Philadelphia,--,Philadelphia,Dallas,Dallas,Philadelphia,Philadelphia,Philadelphia,Philadelphia,Philadelphia,--,Philadelphia,Utah,Philadelphia,Washington,Philadelphia,Brooklyn,Philadelphia,Philadelphia,Dallas,Washington,Philadelphia,--,--,Philadelphia,Philadelphia,Dallas,,Utah,15,15.76,4.21,,,,,,[](/UTA) /u/chrimewave,#DIV/0!,[](/UTA) /u/chrimewave,|,#DIV/0!,#DIV/0!
30,Dallas,Dallas,Philadelphia,Dallas,--,Dallas,Philadelphia,Philadelphia,New Orleans,Dallas,Dallas,Dallas,New Orleans,--,Dallas,Washington,Dallas,Dallas,Dallas,Philadelphia,Dallas,Dallas,Philadelphia,Dallas,Dallas,--,--,Dallas,Washington,Philadelphia,,Washington,27,26.4,3.46,,,,,,[](/WAS) /u/_masterofdisaster,#DIV/0!,[](/WAS) /u/_masterofdisaster,|,#DIV/0!,#DIV/0!